<?xml version="1.0" encoding="UTF-8"?><!-- This file was auto-generated from WSDL --><!-- by the Apache Axis2 version: 1.6.3  Built on : Jun 27, 2015 (11:17:49 BST) --><serviceGroup>
    <service name="Proveedor2">
        <messageReceivers>
            <messageReceiver mep="http://www.w3.org/ns/wsdl/in-out" class="org.example.www.proveedor2.Proveedor2MessageReceiverInOut"/>
        </messageReceivers>
        <parameter name="ServiceClass">org.example.www.proveedor2.Proveedor2Skeleton</parameter>
        <parameter name="useOriginalwsdl">true</parameter>
        <parameter name="modifyUserWSDLPortAddress">true</parameter>
        <operation name="actualizarStock" mep="http://www.w3.org/ns/wsdl/in-out" namespace="http://www.example.org/Proveedor2/">
            <actionMapping>http://www.example.org/Proveedor2/actualizarStock</actionMapping>
            <outputActionMapping>http://www.example.org/Proveedor2/Proveedor2/actualizarStockResponse</outputActionMapping>
        </operation>
        <operation name="solicitarPresupuesto" mep="http://www.w3.org/ns/wsdl/in-out" namespace="http://www.example.org/Proveedor2/">
            <actionMapping>http://www.example.org/Proveedor2/solicitarPresupuesto</actionMapping>
            <outputActionMapping>http://www.example.org/Proveedor2/Proveedor2/solicitarPresupuestoResponse</outputActionMapping>
        </operation>
        <operation name="ordenarCompra" mep="http://www.w3.org/ns/wsdl/in-out" namespace="http://www.example.org/Proveedor2/">
            <actionMapping>http://www.example.org/Proveedor2/ordenarCompra</actionMapping>
            <outputActionMapping>http://www.example.org/Proveedor2/Proveedor2/ordenarCompraResponse</outputActionMapping>
        </operation>
    </service>
</serviceGroup>
