<?xml version="1.0" encoding="UTF-8"?><!-- This file was auto-generated from WSDL --><!-- by the Apache Axis2 version: 1.6.3  Built on : Jun 27, 2015 (11:17:49 BST) --><serviceGroup>
    <service name="Proveedor3">
        <messageReceivers>
            <messageReceiver mep="http://www.w3.org/ns/wsdl/in-out" class="org.example.www.proveedor3.Proveedor3MessageReceiverInOut"/>
        </messageReceivers>
        <parameter name="ServiceClass">org.example.www.proveedor3.Proveedor3Skeleton</parameter>
        <parameter name="useOriginalwsdl">true</parameter>
        <parameter name="modifyUserWSDLPortAddress">true</parameter>
        <operation name="actualizarStock" mep="http://www.w3.org/ns/wsdl/in-out" namespace="http://www.example.org/Proveedor3/">
            <actionMapping>http://www.example.org/Proveedor3/actualizarStock</actionMapping>
            <outputActionMapping>http://www.example.org/Proveedor3/Proveedor3/actualizarStockResponse</outputActionMapping>
        </operation>
        <operation name="solicitarPresupuesto" mep="http://www.w3.org/ns/wsdl/in-out" namespace="http://www.example.org/Proveedor3/">
            <actionMapping>http://www.example.org/Proveedor3/solicitarPresupuesto</actionMapping>
            <outputActionMapping>http://www.example.org/Proveedor3/Proveedor3/solicitarPresupuestoResponse</outputActionMapping>
        </operation>
        <operation name="ordenarCompra" mep="http://www.w3.org/ns/wsdl/in-out" namespace="http://www.example.org/Proveedor3/">
            <actionMapping>http://www.example.org/Proveedor3/ordenarCompra</actionMapping>
            <outputActionMapping>http://www.example.org/Proveedor3/Proveedor3/ordenarCompraResponse</outputActionMapping>
        </operation>
    </service>
</serviceGroup>
