<?xml version="1.0" encoding="UTF-8"?><!-- This file was auto-generated from WSDL --><!-- by the Apache Axis2 version: 1.6.3  Built on : Jun 27, 2015 (11:17:49 BST) --><serviceGroup>
    <service name="Proveedor1">
        <messageReceivers>
            <messageReceiver mep="http://www.w3.org/ns/wsdl/in-out" class="org.example.www.proveedor1.Proveedor1MessageReceiverInOut"/>
        </messageReceivers>
        <parameter name="ServiceClass">org.example.www.proveedor1.Proveedor1Skeleton</parameter>
        <parameter name="useOriginalwsdl">true</parameter>
        <parameter name="modifyUserWSDLPortAddress">true</parameter>
        <operation name="actualizarStock" mep="http://www.w3.org/ns/wsdl/in-out" namespace="http://www.example.org/Proveedor1/">
            <actionMapping>http://www.example.org/Proveedor1/actualizarStock</actionMapping>
            <outputActionMapping>http://www.example.org/Proveedor1/Proveedor1/actualizarStockResponse</outputActionMapping>
        </operation>
        <operation name="ordenarCompra" mep="http://www.w3.org/ns/wsdl/in-out" namespace="http://www.example.org/Proveedor1/">
            <actionMapping>http://www.example.org/Proveedor1/ordenarCompra</actionMapping>
            <outputActionMapping>http://www.example.org/Proveedor1/Proveedor1/ordenarCompraResponse</outputActionMapping>
        </operation>
        <operation name="solicitarPresupuesto" mep="http://www.w3.org/ns/wsdl/in-out" namespace="http://www.example.org/Proveedor1/">
            <actionMapping>http://www.example.org/Proveedor1/solicitarPresupuesto</actionMapping>
            <outputActionMapping>http://www.example.org/Proveedor1/Proveedor1/solicitarPresupuestoResponse</outputActionMapping>
        </operation>
    </service>
</serviceGroup>
