<?xml version="1.0" encoding="UTF-8"?><!-- This file was auto-generated from WSDL --><!-- by the Apache Axis2 version: 1.6.3  Built on : Jun 27, 2015 (11:17:49 BST) --><serviceGroup>
    <service name="Almacen">
        <messageReceivers>
            <messageReceiver mep="http://www.w3.org/ns/wsdl/in-out" class="org.example.www.almacen.AlmacenMessageReceiverInOut"/>
        </messageReceivers>
        <parameter name="ServiceClass">org.example.www.almacen.AlmacenSkeleton</parameter>
        <parameter name="useOriginalwsdl">true</parameter>
        <parameter name="modifyUserWSDLPortAddress">true</parameter>
        <operation name="comprobarStock" mep="http://www.w3.org/ns/wsdl/in-out" namespace="http://www.example.org/Almacen/">
            <actionMapping>http://www.example.org/Almacen/comprobarStock</actionMapping>
            <outputActionMapping>http://www.example.org/Almacen/Almacen/comprobarStockResponse</outputActionMapping>
        </operation>
        <operation name="actualizarStock" mep="http://www.w3.org/ns/wsdl/in-out" namespace="http://www.example.org/Almacen/">
            <actionMapping>http://www.example.org/Almacen/actualizarStock</actionMapping>
            <outputActionMapping>http://www.example.org/Almacen/Almacen/actualizarStockResponse</outputActionMapping>
        </operation>
    </service>
</serviceGroup>
